/*
SQLyog v10.2 
MySQL - 8.0.23 : Database - myerp
*********************************************************************
*/

/*!40101 SET NAMES utf8 */;

/*!40101 SET SQL_MODE=''*/;

/*!40014 SET @OLD_UNIQUE_CHECKS=@@UNIQUE_CHECKS, UNIQUE_CHECKS=0 */;
/*!40014 SET @OLD_FOREIGN_KEY_CHECKS=@@FOREIGN_KEY_CHECKS, FOREIGN_KEY_CHECKS=0 */;
/*!40101 SET @OLD_SQL_MODE=@@SQL_MODE, SQL_MODE='NO_AUTO_VALUE_ON_ZERO' */;
/*!40111 SET @OLD_SQL_NOTES=@@SQL_NOTES, SQL_NOTES=0 */;
CREATE DATABASE /*!32312 IF NOT EXISTS*/`myerp` /*!40100 DEFAULT CHARACTER SET utf8mb4 COLLATE utf8mb4_0900_ai_ci */ /*!80016 DEFAULT ENCRYPTION='N' */;

USE `myerp`;

/*Table structure for table `business` */

DROP TABLE IF EXISTS `business`;

CREATE TABLE `business` (
  `ID` int NOT NULL AUTO_INCREMENT,
  `TYPE` char(1) DEFAULT NULL,
  `EQUIPMENTID` int DEFAULT NULL,
  `CREATETIME` date DEFAULT NULL,
  `STARTTIME` date DEFAULT NULL,
  `ENDTIME` date DEFAULT NULL,
  `ORDERID` int DEFAULT NULL,
  `STATE` char(1) DEFAULT NULL,
  PRIMARY KEY (`ID`),
  KEY `FK_Reference_20` (`EQUIPMENTID`),
  KEY `FK_Reference_21` (`ORDERID`),
  CONSTRAINT `FK_Reference_20` FOREIGN KEY (`EQUIPMENTID`) REFERENCES `equipment` (`ID`) ON DELETE RESTRICT ON UPDATE RESTRICT,
  CONSTRAINT `FK_Reference_21` FOREIGN KEY (`ORDERID`) REFERENCES `order` (`ID`) ON DELETE RESTRICT ON UPDATE RESTRICT
) ENGINE=InnoDB AUTO_INCREMENT=26 DEFAULT CHARSET=gb2312;

/*Data for the table `business` */

insert  into `business`(`ID`,`TYPE`,`EQUIPMENTID`,`CREATETIME`,`STARTTIME`,`ENDTIME`,`ORDERID`,`STATE`) values (1,'1',1,'2021-08-14','2021-08-14','2021-08-14',1,'1'),(2,'2',1,'2021-08-15',NULL,NULL,NULL,'1'),(3,'3',1,'2021-08-15',NULL,NULL,NULL,'1'),(4,'2',2,'2021-08-15',NULL,NULL,NULL,'1'),(5,'3',2,'2021-08-15',NULL,NULL,NULL,'1'),(6,'2',3,'2021-08-15',NULL,NULL,NULL,'1'),(7,'3',3,'2021-08-15',NULL,NULL,NULL,'1'),(8,'2',4,'2021-08-15',NULL,NULL,NULL,'1'),(9,'3',4,'2021-08-15',NULL,NULL,NULL,'1'),(10,'2',5,'2021-08-15',NULL,NULL,NULL,'1'),(11,'3',5,'2021-08-15',NULL,NULL,NULL,'1'),(12,'2',6,'2021-08-15',NULL,NULL,NULL,'1'),(13,'3',6,'2021-08-15',NULL,NULL,NULL,'1'),(14,'2',7,'2021-08-15',NULL,NULL,NULL,'1'),(15,'3',7,'2021-08-15',NULL,NULL,NULL,'1'),(16,'2',8,'2021-08-15',NULL,NULL,NULL,'1'),(17,'3',8,'2021-08-15',NULL,NULL,NULL,'1'),(18,'2',9,'2021-08-15',NULL,NULL,NULL,'1'),(19,'3',9,'2021-08-15',NULL,NULL,NULL,'1'),(20,'2',10,'2021-08-15',NULL,NULL,NULL,'1'),(21,'3',10,'2021-08-15',NULL,NULL,NULL,'1'),(22,'2',11,'2021-08-15',NULL,NULL,NULL,'1'),(23,'3',11,'2021-08-15',NULL,NULL,NULL,'1'),(24,'2',12,'2021-08-15',NULL,NULL,NULL,'1'),(25,'3',12,'2021-08-15',NULL,NULL,NULL,'1');

/*Table structure for table `businessemprecord` */

DROP TABLE IF EXISTS `businessemprecord`;

CREATE TABLE `businessemprecord` (
  `ID` int NOT NULL AUTO_INCREMENT COMMENT '编号',
  `EMPID` int DEFAULT NULL,
  `BUSINESSID` int DEFAULT NULL,
  `WORKTYPE` char(1) DEFAULT NULL,
  PRIMARY KEY (`ID`),
  KEY `FK_Reference_22` (`BUSINESSID`),
  KEY `FK_Reference_23` (`EMPID`),
  CONSTRAINT `FK_Reference_22` FOREIGN KEY (`BUSINESSID`) REFERENCES `business` (`ID`) ON DELETE RESTRICT ON UPDATE RESTRICT,
  CONSTRAINT `FK_Reference_23` FOREIGN KEY (`EMPID`) REFERENCES `emp` (`ID`) ON DELETE RESTRICT ON UPDATE RESTRICT
) ENGINE=InnoDB AUTO_INCREMENT=2 DEFAULT CHARSET=gb2312;

/*Data for the table `businessemprecord` */

insert  into `businessemprecord`(`ID`,`EMPID`,`BUSINESSID`,`WORKTYPE`) values (1,31,1,'1');

/*Table structure for table `customer` */

DROP TABLE IF EXISTS `customer`;

CREATE TABLE `customer` (
  `ID` int NOT NULL AUTO_INCREMENT COMMENT '编号',
  `NAME` varchar(256) CHARACTER SET gb2312 COLLATE gb2312_chinese_ci DEFAULT NULL COMMENT '名称',
  `ADDRESS` varchar(256) DEFAULT NULL COMMENT '联系地址',
  `CONTACT` varchar(10) DEFAULT NULL COMMENT '联系人',
  `TELE` varchar(30) DEFAULT NULL COMMENT '联系电话',
  `EMAIL` varchar(30) DEFAULT NULL COMMENT '邮件地址',
  `NOTE` varchar(256) DEFAULT NULL,
  `STATE` char(1) DEFAULT NULL,
  PRIMARY KEY (`ID`)
) ENGINE=InnoDB AUTO_INCREMENT=61 DEFAULT CHARSET=gb2312 COMMENT='客户';

/*Data for the table `customer` */

insert  into `customer`(`ID`,`NAME`,`ADDRESS`,`CONTACT`,`TELE`,`EMAIL`,`NOTE`,`STATE`) values (31,'深圳市富丽法雷尔家私制造有限公司','下李朗中心围东区70号','袁耀云','15690274452','123456789@qq.com',NULL,'0'),(32,'杨奕严','深圳市宝安区龙华街道三联高坳新村217号','蒋青松','15690274452','123456789@qq.com',NULL,'0'),(33,'邓集良','深圳市宝安区龙华街道三联高坳新村218号','叶婷芬','15690274452','123456789@qq.com',NULL,'0'),(34,'深圳市声辉电子有限公司','深圳市宝安区龙华街道龙园二区八巷1号','任妤','15690274452','123456789@qq.com',NULL,'0'),(35,'深圳市同安物业管理有限公司','深圳市宝安区龙华街道龙园二区八巷2号','王辉','15690274452','123456789@qq.com',NULL,'0'),(36,'深圳市蓝天湖管理有限公司','深圳市宝安区龙华街道三联社区锦锈新村92栋','张国平','15690274452','123456789@qq.com',NULL,'0'),(37,'深圳市锦奥汽车贸易有限公司','深圳市宝安区龙华街道高坳新村199-200栋','邱生','15690274452','123456789@qq.com',NULL,'0'),(38,'深圳市罗租股份合作公司','深圳市宝安区龙华街道华联河背新村8号','朱云峰','15690274452','123456789@qq.com',NULL,'0'),(39,'深圳市源益达股份合作公司','深圳市龙华新区龙华街道油松社区上油松油联路16号旭日轩','周生','15690274452','123456789@qq.com',NULL,'0'),(40,'叶燕辉','深圳市宝安区龙华街道上油松水斗富豪新村二巷五号','邢赞','15690274452','123456789@qq.com',NULL,'0'),(41,'徐伟莲','深圳市宝安区龙华街道水斗富豪新村六巷三号','苏琰','15690274452','123456789@qq.com',NULL,'0'),(42,'深圳市明浩盈达实业有限公司','深圳市龙华新区龙华街道下油松新村五栋','吴小姐','15690274452','123456789@qq.com',NULL,'0'),(43,'深圳市志泫翰实业有限公司','深圳市宝安区民治街道白石龙老村42栋（鸿迅公寓）','王镇伟','15690274452','123456789@qq.com',NULL,'0'),(44,'深圳市汉明兴实业有限公司','深圳市龙华新区民治街道向南华侨新村54号','王生','15690274452','123456789@qq.com',NULL,'0'),(45,'深圳宏峰瀚业实业有限公司','深圳市龙华新区民治街道白石龙逸秀新村88号','何森','15690274452','123456789@qq.com',NULL,'0'),(46,'深圳市宝安区石岩镇工业投资公司','深圳市宝安区龙华上芬路竹子园勃兴塑胶五金厂','李生','15690274452','123456789@qq.com',NULL,'0'),(47,'深圳市蓝天湖管理有限公司','西头工业区3栋','文生','15690274452','123456789@qq.com',NULL,'0'),(48,'深圳市祝龙田股份合作公司','深圳市龙华新区民治街道工业西路南侧勃兴工业园A栋','朱生','15690274452','123456789@qq.com',NULL,'0'),(49,'深圳市林立实业有限公司','深圳市宝安区龙华街道富联新村230栋','毛生','15690274452','123456789@qq.com',NULL,'0'),(50,'深圳市超盛金属制品有限公司','民治横岭村四区2栋','郑老板','15690274452','123456789@qq.com',NULL,'0'),(51,'深圳市群宇科技有限公司','深圳市宝安区民治街道沙吓村3巷9栋','陈宏杰','15690274452','123456789@qq.com',NULL,'0'),(52,'叶晓俊','深圳市龙岗区坂田街道南坑南四巷5号','蔡勤','15690274452','123456789@qq.com',NULL,'0'),(53,'深圳市德银实业有限公司','上油松村53号','王生','15690274452','123456789@qq.com',NULL,'0'),(54,'深圳市宝安区国家税务局石岩税务分局','深圳市宝安区龙华街道油松水斗富豪新村二巷六号','黎民钢','15690274452','123456789@qq.com',NULL,'0'),(55,'深圳市山禾益通实业有限公司','深圳市龙华新区观澜街道章阁社区塘前村1400009号','朱润清','15690274452','123456789@qq.com',NULL,'0'),(56,'深圳市台电实业有限公司','深圳市龙岗区坂田街道和?村和?路一号','卢华斌','15690274452','123456789@qq.com',NULL,'0'),(57,'深圳市怀德股份合作公司','库坑村皇帝印工业区3号','王生','15690274452','123456789@qq.com',NULL,'0'),(58,'刘伟波','库坑村皇帝印工业区3号','钟生','15690274452','123456789@qq.com',NULL,'0'),(59,'陈少屏','深圳市龙华新区龙华街道上油松东旭大厦','林大龙','15690274452','123456789@qq.com',NULL,'0'),(60,'樊建国','深圳市宝安区龙华街道三联高坳二区37号','卢振华','15690274452','123456789@qq.com',NULL,'0');

/*Table structure for table `dep` */

DROP TABLE IF EXISTS `dep`;

CREATE TABLE `dep` (
  `ID` int NOT NULL AUTO_INCREMENT COMMENT '编号',
  `NAME` varchar(30) DEFAULT NULL COMMENT '部门名称',
  `TELE` varchar(30) DEFAULT NULL COMMENT '联系电话',
  PRIMARY KEY (`ID`)
) ENGINE=InnoDB AUTO_INCREMENT=7 DEFAULT CHARSET=gb2312 COMMENT='部门';

/*Data for the table `dep` */

insert  into `dep`(`ID`,`NAME`,`TELE`) values (1,'管理员组','123'),(2,'公关部','123'),(3,'技术部','123'),(4,'采购部','123'),(5,'销售部','123'),(6,'后勤部','123');

/*Table structure for table `dictionary` */

DROP TABLE IF EXISTS `dictionary`;

CREATE TABLE `dictionary` (
  `ID` int NOT NULL AUTO_INCREMENT COMMENT '编号',
  `TYPECODE` varchar(256) CHARACTER SET gb2312 COLLATE gb2312_chinese_ci DEFAULT NULL COMMENT '操作员工编号',
  `TYPENAME` varchar(256) CHARACTER SET gb2312 COLLATE gb2312_chinese_ci DEFAULT NULL COMMENT '商品编号',
  `VALUEID` int DEFAULT NULL COMMENT '操作日期',
  `VALUENAME` varchar(256) CHARACTER SET gb2312 COLLATE gb2312_chinese_ci DEFAULT NULL COMMENT '仓库编号',
  PRIMARY KEY (`ID`)
) ENGINE=InnoDB AUTO_INCREMENT=27 DEFAULT CHARSET=gb2312 COMMENT='字典';

/*Data for the table `dictionary` */

insert  into `dictionary`(`ID`,`TYPECODE`,`TYPENAME`,`VALUEID`,`VALUENAME`) values (1,'Order_Type','订单类型',1,'采购单'),(2,'Order_Type','订单类型',2,'销售单'),(3,'Order_State','订单状态',1,'待审核'),(4,'Order_State','订单状态',2,'待采购'),(5,'Order_State','订单状态',4,'待入库'),(6,'Order_State','订单状态',5,'待出库'),(7,'Order_State','订单状态',3,'已完成'),(8,'Order_State','订单状态',6,'审核失败'),(9,'Orderdetail_State','订单明细状态',1,'待处理'),(10,'Orderdetail_State','订单明细状态',2,'已出库'),(11,'Orderdetail_State','订单明细状态',3,'已入库'),(12,'Equipment_Name','设备类型',1,'曳引驱动乘客电梯'),(13,'Equipment_Name','设备类型',2,'曳引驱动载货电梯'),(14,'Equipment_State','设备状态',1,'安装'),(15,'Equipment_State','设备状态',2,'运行'),(16,'Equipment_State','设备状态',3,'报废'),(17,'Business_Type','业务类型',1,'安装'),(18,'Business_Type','业务类型',2,'安检'),(19,'Business_Type','业务类型',3,'年审'),(21,'BusinessWork_Type','工作类型',1,'分派'),(22,'BusinessWork_Type','工作类型',2,'处理'),(23,'Business_State\r\n','业务状态',1,'待分派'),(24,'Business_State\r\n','业务状态',2,'待处理'),(25,'Business_State\r\n','业务状态',3,'处理中'),(26,'Business_State\r\n','业务状态',4,'已完成');

/*Table structure for table `emp` */

DROP TABLE IF EXISTS `emp`;

CREATE TABLE `emp` (
  `ID` int NOT NULL AUTO_INCREMENT COMMENT '编号',
  `USERNAME` varchar(30) DEFAULT NULL COMMENT '登陆名',
  `PWD` varchar(256) CHARACTER SET gb2312 COLLATE gb2312_chinese_ci DEFAULT NULL COMMENT '登陆密码',
  `NAME` varchar(30) DEFAULT NULL COMMENT '真实姓名',
  `GENDER` char(1) DEFAULT NULL COMMENT '性别',
  `EMAIL` varchar(30) DEFAULT NULL COMMENT '邮件地址',
  `TELE` varchar(30) DEFAULT NULL COMMENT '联系电话',
  `ADDRESS` varchar(256) DEFAULT NULL COMMENT '联系地址',
  `BIRTHDAY` date DEFAULT NULL COMMENT '出生年月日',
  `DEPID` int NOT NULL COMMENT '部门编号',
  `STATE` char(1) DEFAULT NULL,
  PRIMARY KEY (`ID`),
  KEY `FK_Reference_1` (`DEPID`),
  CONSTRAINT `FK_Reference_1` FOREIGN KEY (`DEPID`) REFERENCES `dep` (`ID`) ON DELETE RESTRICT ON UPDATE RESTRICT
) ENGINE=InnoDB AUTO_INCREMENT=62 DEFAULT CHARSET=gb2312 COMMENT='员工';

/*Data for the table `emp` */

insert  into `emp`(`ID`,`USERNAME`,`PWD`,`NAME`,`GENDER`,`EMAIL`,`TELE`,`ADDRESS`,`BIRTHDAY`,`DEPID`,`STATE`) values (31,'yeqing','5dfc5bd6d2230c4771644f27d1deca35','叶日清','1','123456@qq.com','13510070099','广东省','1981-11-10',1,'0'),(32,'yuanfulai','5dfc5bd6d2230c4771644f27d1deca35','阮富来','1','123456@qq.com','15999561585','广东省','1981-11-10',2,'0'),(33,'yuansike','5dfc5bd6d2230c4771644f27d1deca35','阮科斯','1','123456@qq.com','13728609344','广东省','1981-11-10',3,'0'),(34,'yexinqi','5dfc5bd6d2230c4771644f27d1deca35','叶欣琪','1','123456@qq.com','13380361246','广东省','1981-11-10',4,'0'),(35,'yeguobing','5dfc5bd6d2230c4771644f27d1deca35','叶国斌','1','123456@qq.com','13823553125','广东省','1981-11-10',4,'0'),(36,'yangxiuli','5dfc5bd6d2230c4771644f27d1deca35','杨秀丽','1','123456@qq.com','13715053580','广东省','1981-11-10',5,'0'),(37,'chenluxin','5dfc5bd6d2230c4771644f27d1deca35','陈履颖','1','123456@qq.com','13480887346','广东省','1981-11-10',1,'0'),(38,'suyinxin','5dfc5bd6d2230c4771644f27d1deca35','苏英新','1','123456@qq.com','13798330219','广东省','1981-11-10',5,'0'),(39,'yuanxiaoshan','5dfc5bd6d2230c4771644f27d1deca35','阮小珊','1','123456@qq.com','13751162360','广东省','1981-11-10',3,'0'),(40,'xiekerui','5dfc5bd6d2230c4771644f27d1deca35','谢克锐','1','123456@qq.com','13602602509','广东省','1981-11-10',2,'0'),(41,'wangchengjun','5dfc5bd6d2230c4771644f27d1deca35','王成军','1','123456@qq.com','13691866149','广东省','1981-11-10',6,'0'),(42,'luojianqing','5dfc5bd6d2230c4771644f27d1deca35','罗剑琴','1','123456@qq.com','13590485778','广东省','1981-11-10',6,'0'),(43,'lushuanglong','5dfc5bd6d2230c4771644f27d1deca35','吕双龙','1','123456@qq.com','13798456310','广东省','1981-11-10',5,'0'),(44,'yezhikuan','5dfc5bd6d2230c4771644f27d1deca35','叶志宽','1','123456@qq.com','13509651102','广东省','1981-11-10',1,'0'),(45,'kemeizhi','5dfc5bd6d2230c4771644f27d1deca35','柯美志','1','123456@qq.com','13510951391','广东省','1981-11-10',5,'0'),(46,'caizhixu','5dfc5bd6d2230c4771644f27d1deca35','蔡志许','1','123456@qq.com','15919915609','广东省','1981-11-10',4,'0'),(47,'liuan','5dfc5bd6d2230c4771644f27d1deca35','刘安','1','123456@qq.com',NULL,'广东省','1981-11-10',1,'0'),(48,'liliang','5dfc5bd6d2230c4771644f27d1deca35','李亮','1','123456@qq.com','18576715172','广东省','1981-11-10',3,'0'),(49,'ruanrongguan','5dfc5bd6d2230c4771644f27d1deca35','阮荣冠','1','123456@qq.com','13554810217','广东省','1981-11-10',3,'0'),(50,'yikang','5dfc5bd6d2230c4771644f27d1deca35','易康','1','123456@qq.com','15989576958','广东省','1981-11-10',3,'0'),(51,'liweijun','5dfc5bd6d2230c4771644f27d1deca35','李伟军','1','123456@qq.com','19876780755','广东省','1981-11-10',6,'0'),(52,'wuyongmin','5dfc5bd6d2230c4771644f27d1deca35','吴永民','1','123456@qq.com','15012766820','广东省','1981-11-10',6,'0'),(53,'yikangcai','5dfc5bd6d2230c4771644f27d1deca35','易昌才','1','123456@qq.com','13410956508','广东省','1981-11-10',6,'0'),(54,'hukeming','5dfc5bd6d2230c4771644f27d1deca35','胡科明','1','123456@qq.com','13423929003','广东省','1981-11-10',5,'0'),(55,'jiaodehui','5dfc5bd6d2230c4771644f27d1deca35','焦德会','1','123456@qq.com','13717007570','广东省','1981-11-10',5,'0'),(56,'huangzhimin','5dfc5bd6d2230c4771644f27d1deca35','黄炽明','1','123456@qq.com','13662580992','广东省','1981-11-10',5,'0'),(57,'tangliguo','5dfc5bd6d2230c4771644f27d1deca35','唐利国','1','123456@qq.com','18700642600','广东省','1981-11-10',4,'0'),(58,'yihailong','5dfc5bd6d2230c4771644f27d1deca35','易海龙','1','123456@qq.com','13510039446','广东省','1981-11-10',4,'0'),(59,'huangyishun','5dfc5bd6d2230c4771644f27d1deca35','黄义顺','1','123456@qq.com','18719055536','广东省','1981-11-10',3,'0');

/*Table structure for table `emp_role` */

DROP TABLE IF EXISTS `emp_role`;

CREATE TABLE `emp_role` (
  `ID` int NOT NULL AUTO_INCREMENT COMMENT '编号',
  `EMPID` int NOT NULL COMMENT '员工编号',
  `ROLEID` int NOT NULL COMMENT '角色编号',
  PRIMARY KEY (`ID`),
  KEY `FK_Reference_2` (`EMPID`),
  KEY `FK_Reference_3` (`ROLEID`),
  CONSTRAINT `FK_Reference_2` FOREIGN KEY (`EMPID`) REFERENCES `emp` (`ID`) ON DELETE RESTRICT ON UPDATE RESTRICT,
  CONSTRAINT `FK_Reference_3` FOREIGN KEY (`ROLEID`) REFERENCES `role` (`ID`) ON DELETE RESTRICT ON UPDATE RESTRICT
) ENGINE=InnoDB AUTO_INCREMENT=30 DEFAULT CHARSET=gb2312;

/*Data for the table `emp_role` */

insert  into `emp_role`(`ID`,`EMPID`,`ROLEID`) values (1,31,1),(2,32,2),(3,33,3),(4,34,5),(5,35,5),(6,36,7),(7,37,7),(8,38,7),(9,39,4),(10,40,2),(11,41,10),(12,42,9),(13,43,8),(14,44,4),(15,45,7),(16,46,6),(17,47,7),(18,48,3),(19,49,4),(20,50,4),(21,51,9),(22,52,9),(23,53,10),(24,54,8),(25,55,8),(26,56,7),(27,57,6),(28,58,6),(29,59,4);

/*Table structure for table `equipment` */

DROP TABLE IF EXISTS `equipment`;

CREATE TABLE `equipment` (
  `ID` int NOT NULL AUTO_INCREMENT,
  `NUM` varchar(30) DEFAULT NULL,
  `CODE` int DEFAULT NULL,
  `MODEL` varchar(30) DEFAULT NULL,
  `NAME` varchar(30) DEFAULT NULL,
  `LOAD` varchar(10) DEFAULT NULL,
  `SPEED` decimal(10,2) DEFAULT NULL,
  `LAYERANDSTATION` varchar(10) DEFAULT NULL,
  `ADDRESS` varchar(256) DEFAULT NULL,
  `CUSTOMERID` int DEFAULT NULL,
  `STATE` char(1) DEFAULT NULL,
  `INSTALLTIME` date DEFAULT NULL,
  `OPERTIME` date DEFAULT NULL,
  `SECEXAMTIME` date DEFAULT NULL,
  `ANNUALEXAMTIME` date DEFAULT NULL,
  `SCRAPDATE` date DEFAULT NULL,
  PRIMARY KEY (`ID`),
  KEY `FK_Reference_18` (`CUSTOMERID`),
  CONSTRAINT `FK_Reference_18` FOREIGN KEY (`CUSTOMERID`) REFERENCES `customer` (`ID`) ON DELETE RESTRICT ON UPDATE RESTRICT
) ENGINE=InnoDB AUTO_INCREMENT=29 DEFAULT CHARSET=gb2312;

/*Data for the table `equipment` */

insert  into `equipment`(`ID`,`NUM`,`CODE`,`MODEL`,`NAME`,`LOAD`,`SPEED`,`LAYERANDSTATION`,`ADDRESS`,`CUSTOMERID`,`STATE`,`INSTALLTIME`,`OPERTIME`,`SECEXAMTIME`,`ANNUALEXAMTIME`,`SCRAPDATE`) values (1,'0905K0547',2147483647,'FSVIP800/1.75-JX','曳引驱动载货电梯','800','1.75','15/15','下李朗中心围东区70号',31,'2','2021-08-01','2021-08-02','2021-08-15','2021-08-15',NULL),(2,'0905K0548',2147483647,'FSVIP800/1.75-JX','曳引驱动载货电梯','800','1.75','15/15','深圳市宝安区龙华街道三联高坳新村217号',33,'2','2021-08-01','2021-08-02','2021-08-15','2021-08-15',NULL),(3,'B20405142',2147483647,'THJ2000/0.5-','曳引驱动乘客电梯','2000','0.50','3/3','深圳市宝安区龙华街道三联高坳新村218号',32,'2','2021-02-04','2021-03-15','2021-08-15','2021-08-15',NULL),(4,'91175',2147483647,'ZFTK1000/1.5-JXW(VVVF)','曳引驱动乘客电梯','1000','1.50','8/8','深圳市宝安区龙华街道龙园二区八巷1号',34,'2','2019-02-15','2019-03-15','2021-08-01','2021-08-15',NULL),(5,'87046',2147483647,'ZFTH2000/0.5-JXW','曳引驱动载货电梯','2000','0.50','4/4','深圳市宝安区龙华街道龙园二区八巷2号',35,'2','2019-03-01','2019-03-14','2021-08-01','2021-08-15',NULL),(6,'901297',2147483647,'GSTH2000/0.5-JXW(VVVF)','曳引驱动载货电梯','2000','0.50','6/6','深圳市宝安区龙华街道三联社区锦锈新村92栋',36,'2','2016-03-15','2016-04-01','2021-08-01','2021-08-15',NULL),(7,'901298',2147483647,'GSTH2000/0.5-JXW(VVVF)','曳引驱动载货电梯','2000','0.50','6/6','深圳市宝安区龙华街道高坳新村199-200栋',37,'2','2019-03-15','2019-04-15','2021-08-01','2021-08-15',NULL),(8,'905124',2147483647,'GSTH2000/0.5-JXW(VVVF)','曳引驱动载货电梯','2000','0.50','4/4','深圳市宝安区龙华街道华联河背新村8号',38,'2','2021-03-15','2021-03-19','2021-08-01','2021-08-15',NULL),(9,'63117',2147483647,'ZFTK800/1.0-JXW(VVVF)','曳引驱动载货电梯','800','1.00','8/8','深圳市龙华新区龙华街道油松社区上油松油联路16号旭日轩',39,'2','2019-02-15','2019-03-15','2021-08-06','2021-08-15',NULL),(10,'63174',2147483647,'ZFTK800/1.6-JXW（VVVF）','曳引驱动载货电梯','800','1.60','11/11','深圳市宝安区龙华街道上油松水斗富豪新村二巷五号',40,'2','2021-08-15','2021-08-07','2021-08-07','2021-08-15',NULL),(11,'69826',2147483647,'ZFTKU800/1.5-JXW(VVVF)','曳引驱动乘客电梯','800','1.50','11/11','深圳市宝安区龙华街道水斗富豪新村六巷三号',41,'2','2021-08-06','2021-08-06','2021-08-16','2021-08-15',NULL),(12,'64041',2147483647,'ZFTK800/1.6-JXW（VVVF）','曳引驱动载货电梯','800','1.60','11/11','深圳市龙华新区龙华街道下油松新村五栋',42,'2','2021-08-05','2021-08-05','2021-08-01','2021-08-15',NULL);

/*Table structure for table `goods` */

DROP TABLE IF EXISTS `goods`;

CREATE TABLE `goods` (
  `ID` int NOT NULL AUTO_INCREMENT COMMENT '编号',
  `NAME` varchar(30) DEFAULT NULL COMMENT '名称',
  `MODEL` varchar(30) DEFAULT NULL COMMENT '产地',
  `SPECS` varchar(30) DEFAULT NULL COMMENT '厂家',
  `SUPPLIERID` int DEFAULT NULL,
  `SUPPLIER` varchar(30) DEFAULT NULL,
  `GOODSTYPEID` int DEFAULT NULL COMMENT '商品类型',
  `NOTE` varchar(256) DEFAULT NULL,
  `ALERTNUM` int DEFAULT NULL,
  `STATE` char(1) DEFAULT NULL,
  `UNIT` varchar(8) DEFAULT NULL,
  PRIMARY KEY (`ID`),
  KEY `FK_Reference_8` (`GOODSTYPEID`),
  KEY `FK_Reference_9` (`SUPPLIERID`),
  CONSTRAINT `FK_Reference_8` FOREIGN KEY (`GOODSTYPEID`) REFERENCES `goodstype` (`ID`) ON DELETE RESTRICT ON UPDATE RESTRICT,
  CONSTRAINT `FK_Reference_9` FOREIGN KEY (`SUPPLIERID`) REFERENCES `supplier` (`ID`) ON DELETE RESTRICT ON UPDATE RESTRICT
) ENGINE=InnoDB AUTO_INCREMENT=175 DEFAULT CHARSET=gb2312 COMMENT='商品';

/*Data for the table `goods` */

insert  into `goods`(`ID`,`NAME`,`MODEL`,`SPECS`,`SUPPLIERID`,`SUPPLIER`,`GOODSTYPEID`,`NOTE`,`ALERTNUM`,`STATE`,`UNIT`) values (1,'实心轨','T75',NULL,25,'佛山市南海三美电梯有限公司',1,NULL,50,'0','米'),(2,'实心轨','TK5A',NULL,24,'天津市第六电器开关厂',1,NULL,50,'0','米'),(3,'空心轨连接板','JG','加厚（18mm）',23,'佛山市贝尔无机械有限公司',1,NULL,50,'0','件'),(4,'安全钳','JAZ08',NULL,22,'佳能',1,NULL,50,'0','套'),(5,'安全钳拉杆','JA8','长：3000',21,'吴江市国通特种线缆厂',1,'1.0m/s',50,'0','件'),(6,'安全钳长短袖','JA20',NULL,20,'宁波申菱电梯配件有限公司',1,'客梯用',50,'0','件'),(7,'安全钳横拉杆','JA30','长1350',19,'无锡富业电梯装饰工程有限公司',1,'长、短轴各1件',50,'0','件'),(8,'导靴','PAA237E1','三菱型',18,'上海乐天电梯部件有限公司',1,'上梁装配件',50,'0','套'),(9,'油盅','PB211','RL?1型',17,'鼎力',1,'轿厢用',50,'0','套'),(10,'导轨接油盅','TKB16',NULL,16,'利佰特',1,'轿厢用',50,'0','件'),(11,'钢丝绳锥套','TKK',NULL,15,'昊达',1,'全部弹簧',50,'0','件'),(12,'绳夹','TK10',NULL,14,'力东',1,NULL,50,'0','件'),(13,'钢丝绳轧头','TR2',NULL,13,'佛山永恒',1,'钢丝绳',50,'0','件'),(14,'缓冲器','GB','沈阳东阳',12,'加得电子厂',1,NULL,50,'0','件'),(15,'限速器','T5976','力东',11,'三川电工',1,'1.0m/s',50,'0','套'),(16,'涨紧装置','JHQ','重锤30kg',10,'佛山市三水宏立电梯配件有限公司\r\n',1,NULL,50,'0','套'),(17,'主机缓冲器','LD133',NULL,6,'宁波欣达佛山办事处',1,'组件，主机架和承重梁安装用，含4套固定压码与螺栓',50,'0','套'),(18,'UKS开关','QT','佛山永通力',5,'宁波欣达电梯配件厂\r\n',1,'锁梯装置安装用',50,'0','套'),(19,'三角锁','XC','标准件',4,'沈阳蓝光机电有限公司',1,'安全窗用',50,'0','件'),(20,'轿底胶','QDJ','（三菱型）',3,'无锡海力电梯装潢有限公司',1,NULL,50,'0','件'),(21,'PVC地板胶',NULL,NULL,2,'无锡华美电梯装潢有限公司',2,'浅灰色：11件，深绿色：5件，502胶水1瓶',50,'0','套'),(22,'横流风机','HTT','FB?1042B',1,'波力国际贸易（上海）有限公司',2,NULL,62,'0','台'),(23,'金色筒灯','VCX',NULL,9,'协诚五金电器厂',2,'吊顶配件',50,'0','件'),(24,'有机灯柱','AAE',NULL,9,'协诚五金电器厂',2,'吊顶配件',50,'0','件'),(25,'长形饰条','BCA',NULL,9,'协诚五金电器厂',2,'吊顶配件',50,'0','件'),(26,'方形玻璃','EHT',NULL,9,'协诚五金电器厂',2,'吊顶配件',50,'0','件'),(27,'微科光幕','ZVW',NULL,9,'协诚五金电器厂',2,NULL,50,'0','套'),(28,'门锁标签','SWE',NULL,9,'协诚五金电器厂',2,NULL,50,'0','个'),(29,'黄油枪','EHJJ','10MP',9,'协诚五金电器厂',2,NULL,50,'0','支'),(30,'安全门/安全窗开关','ASX145',NULL,9,'协诚五金电器厂',2,'安全门、安全窗用',50,'0','套'),(31,'电梯空调','125DD',NULL,7,'宁波电子器材一厂',4,NULL,80,'0','台'),(32,'拉爆螺栓','76ACC','M12×100',7,'宁波电子器材一厂',4,'1、2#支架安装件用',80,'0','套'),(33,'拉爆螺栓','7AZS','M10×100',7,'宁波电子器材一厂',4,'导轨座，缓冲器，限速器，井底梯，电缆架用',80,'0','套'),(34,'螺栓','RUN1','M12×50',7,'宁波电子器材一厂',4,'配双倍平垫，弹垫，螺母.主轨撑架用',80,'0','件'),(35,'沉头螺钉','45ZX','M6×12',7,'宁波电子器材一厂',4,'配平垫，弹垫，螺母.层门护脚板安装用',80,'0','件'),(36,'螺栓','7EG','M8×25',7,'宁波电子器材一厂',4,'配平垫，弹垫，螺母.隔磁板安装用',80,'0','件'),(37,'螺栓','POJJ','M6×25',7,'宁波电子器材一厂',4,'配平垫，弹垫，螺母.感应器安装板用',80,'0','件'),(38,'螺栓','MNG','M12×50',7,'宁波电子器材一厂',4,'配平垫，弹垫，螺母.限位开关支架安装用',80,'0','件'),(39,'螺栓','XQZ','M16×25',7,'宁波电子器材一厂',4,'配平垫，弹垫，螺母.上下梁、立柱及吊耳安装用',80,'0','件'),(40,'螺栓','FWWF','M18×35',7,'宁波电子器材一厂',4,'配平垫，弹垫，螺母.上下梁、立柱及吊耳安装用',80,'0','件'),(41,'自钻螺钉','7EE','M6×15',7,'宁波电子器材一厂',4,'锌板固定用',80,'0','件'),(42,'拉爆螺栓','PUU','M8×80',7,'宁波电子器材一厂',4,'门头护网安装用',80,'0','套'),(43,'永磁同步曳引机','ZFTWJY','250?1600',7,'宁波电子器材一厂',4,'配主机罩海德汉1387编码器',80,'0','台'),(44,'对重架','AFX','1030×3600',7,'宁波电子器材一厂',4,NULL,80,'0','套'),(45,'对重护轮罩','YJB','长320',7,'宁波电子器材一厂',4,NULL,80,'0','件'),(46,'补偿链座','QXV','120×60×70',7,'宁波电子器材一厂',4,'安装在对重架上',80,'0','件'),(47,'增高器','FGFT','240×150',7,'宁波电子器材一厂',4,NULL,80,'0','件'),(48,'U型钩','SX','M8',7,'宁波电子器材一厂',4,'补偿链安装用',80,'0','套'),(49,'防摆杆U型钩','PQ12','M8',7,'宁波电子器材一厂',4,'防摆杆固定用',80,'0','套'),(50,'导向轮组件','78IY',NULL,7,'宁波电子器材一厂',4,'组装件.轴长：460m',80,'0','套'),(51,'拉耳','M16','长：84',7,'宁波电子器材一厂',4,'孔（轿架拉杆用）',80,'0','件'),(52,'钢丝绳','NF','8×19',7,'宁波电子器材一厂',4,'每条长：116米',80,'0','条'),(53,'上梁','TTA','长：1706配横',7,'宁波电子器材一厂',4,'82单孔形式',80,'0','件'),(54,'下梁','BTB','长：1706',7,'宁波电子器材一厂',4,'组装件',80,'0','件'),(55,'立柱','ABV','长：32802',7,'宁波电子器材一厂',4,'配PVC地板胶形式',80,'0','件'),(56,'轿厢绳头减振装置','AXV','（5孔）',7,'宁波电子器材一厂',4,'铁皮',80,'0','件'),(57,'门套支架','IUB','申菱型',7,'宁波电子器材一厂',4,'大门套安装用',80,'0','件'),(58,'防摆杆','QER','长1350mm',7,'宁波电子器材一厂',4,NULL,80,'0','件'),(59,'轿门地坎托架','ZVX','长：1.35米',7,'宁波电子器材一厂',4,NULL,80,'0','件'),(60,'地坎托架','OLX',NULL,7,'宁波电子器材一厂',4,'层门地坎安装用\n含17套安装配件螺丝包',80,'0','件'),(61,'地坎支承板','ZFTA','长：1000',7,'宁波电子器材一厂',4,'层门地坎安装用\n含17套安装配件螺丝包',80,'0','件'),(62,'承重梁','XML','b型工字钢22#',7,'宁波电子器材一厂',4,'每条长2.4米',80,'0','条'),(63,'副梁','AAXX','12#槽钢',7,'宁波电子器材一厂',4,'每条长1.2米',80,'0','条'),(64,'轿厢绳头板支承钢槽','IUYT','12#槽钢',7,'宁波电子器材一厂',4,'每条长0.8米',80,'0','条'),(65,'圆钢','XMKL',NULL,7,'宁波电子器材一厂',4,'门套安装用',80,'0','条'),(66,'前轿顶','W924','1550×555',7,'宁波电子器材一厂',4,'后侧通风代线槽盖',80,'0','件'),(67,'后轿顶','Z992','1550×695',7,'宁波电子器材一厂',4,'后侧通风代线槽盖',80,'0','件'),(68,'中轿顶','Z970','?',7,'宁波电子器材一厂',4,'后侧通风代线槽盖',80,'0','件'),(69,'上底盘','X102','1550×1305',7,'宁波电子器材一厂',4,'组装件（配PVC地板胶）',80,'0','件'),(70,'下底盘','X502','1550×1280',7,'宁波电子器材一厂',4,'组装件',80,'0','件'),(71,'电缆挂架','ZFTB','长：615',7,'宁波电子器材一厂',4,NULL,80,'0','件'),(72,'轿顶检修箱安装架','ZFTA','230×200',7,'宁波电子器材一厂',4,NULL,80,'0','件'),(73,'导风板','XXNB','客梯用',7,'宁波电子器材一厂',4,'顶板用',80,'0','件'),(74,'前壁','AAOI','宽325×2437',7,'宁波电子器材一厂',4,NULL,80,'0','条'),(75,'门楣','ABN','80×338×900',7,'宁波电子器材一厂',4,NULL,80,'0','条'),(76,'操纵壁','M521','宽325×2437',7,'宁波电子器材一厂',4,'操纵壁开孔：1344×160',80,'0','条'),(77,'侧壁','N536','宽200',7,'宁波电子器材一厂',4,'发纹不锈钢',80,'0','条'),(78,'装饰壁','K8907','宽800',7,'宁波电子器材一厂',4,'装饰板',80,'0','条'),(79,'后壁','Q810','宽375×2440',7,'宁波电子器材一厂',4,'发纹不锈钢',80,'0','条'),(80,'ZFTD303吊顶','X80101','1440×1140',7,'宁波电子器材一厂',4,'（镜面不锈钢）',80,'0','套'),(81,'饰条固定板','P982',NULL,8,'佛山市顺德区陈村镇宇龙电器有限公司\n',2,NULL,50,'0','件'),(82,'通风槽','W1Z',NULL,8,'佛山市顺德区陈村镇宇龙电器有限公司\n',2,NULL,50,'0','件'),(83,'限位开关打板','WTY',NULL,8,'佛山市顺德区陈村镇宇龙电器有限公司\n',2,'长：3340',50,'0','件'),(84,'主机安装架','Q98X','800kg蓝光；长：918',8,'佛山市顺德区陈村镇宇龙电器有限公司\n',2,'配导向轮',50,'0','件'),(85,'导向架','QEXX','200×175',8,'佛山市顺德区陈村镇宇龙电器有限公司\n',2,'左右各1件',50,'0','件'),(86,'挡绳折板','ERT','长：472',8,'佛山市顺德区陈村镇宇龙电器有限公司\n',2,'导向轮档绳用',50,'0','件'),(87,'轿厢绳头板','A95Z','钢板：350×250',8,'佛山市顺德区陈村镇宇龙电器有限公司\n',2,'7孔',50,'0','件'),(88,'对重绳头板','N2N','钢板：350×250',8,'佛山市顺德区陈村镇宇龙电器有限公司\n',2,'7孔',50,'0','件'),(89,'轿架斜拉杆','ZFT','长：1400',8,'佛山市顺德区陈村镇宇龙电器有限公司\n',2,NULL,50,'0','件'),(90,'走线槽','XXCC','60×100',8,'佛山市顺德区陈村镇宇龙电器有限公司\n',2,NULL,50,'0','米'),(91,'对重护栏Ⅰ','X23',NULL,8,'佛山市顺德区陈村镇宇龙电器有限公司\n',2,NULL,50,'0','件'),(92,'对重护栏Ⅱ','X24','―',8,'佛山市顺德区陈村镇宇龙电器有限公司\n',2,'侧对重用',50,'0','件'),(93,'过墙螺丝','RTS','长：220mm',8,'佛山市顺德区陈村镇宇龙电器有限公司\n',2,NULL,50,'0','套'),(94,'电缆架','RQA','长：200mm',8,'佛山市顺德区陈村镇宇龙电器有限公司\n',2,'井道及轿底用',50,'0','件'),(95,'导轨座','YTR','280×180',8,'佛山市顺德区陈村镇宇龙电器有限公司\n',2,NULL,50,'0','件'),(96,'限位开关打板支架','QY8','长：240',8,'佛山市顺德区陈村镇宇龙电器有限公司\n',2,NULL,50,'0','件'),(97,'限位开关支架','XZZ','长：505',8,'佛山市顺德区陈村镇宇龙电器有限公司\n',2,NULL,50,'0','件'),(98,'隔磁板','XZ1','长：350',8,'佛山市顺德区陈村镇宇龙电器有限公司\n',2,NULL,50,'0','件'),(99,'隔磁板支架','XZ2','长：460',8,'佛山市顺德区陈村镇宇龙电器有限公司\n',2,NULL,50,'0','件'),(100,'感应器安装板','XZ3','长： 70',8,'佛山市顺德区陈村镇宇龙电器有限公司\n',2,NULL,50,'0','件'),(101,'感应器支架','XZ4','长：240',8,'佛山市顺德区陈村镇宇龙电器有限公司\n',2,NULL,50,'0','件'),(102,'称重装置安装板A','WEF','120×95×45',8,'佛山市顺德区陈村镇宇龙电器有限公司\n',2,NULL,50,'0','件'),(103,'称重装置安装板B','WYD','80×70×50',8,'佛山市顺德区陈村镇宇龙电器有限公司\n',2,NULL,50,'0','件'),(104,'313F扶手','AET','两侧长：800孔距：400',8,'佛山市顺德区陈村镇宇龙电器有限公司\n',2,NULL,50,'0','条'),(105,'撑管','ZXV','长：620',8,'佛山市顺德区陈村镇宇龙电器有限公司\n',2,NULL,50,'0','件'),(106,'角胶固定架','GXH',NULL,8,'佛山市顺德区陈村镇宇龙电器有限公司\n',2,NULL,50,'0','件'),(107,'轿顶固顶架A','GX',NULL,8,'佛山市顺德区陈村镇宇龙电器有限公司\n',2,NULL,50,'0','件'),(108,'对重块','HJJ','1000×190×80',8,'佛山市顺德区陈村镇宇龙电器有限公司\n',2,'重量：1400kg',50,'0','块'),(109,'配重块','XBTH','标准件',8,'佛山市顺德区陈村镇宇龙电器有限公司\n',2,NULL,50,'0','块'),(110,'平衡链','PX','LB07',8,'佛山市顺德区陈村镇宇龙电器有限公司\n',2,'53米/条',50,'0','条'),(111,'门机','MNC','中分900×2100',8,'佛山市顺德区陈村镇宇龙电器有限公司\n',2,'EE=682',50,'0','台'),(112,'轿门地坎','ZEH','门机配套',8,'佛山市顺德区陈村镇宇龙电器有限公司\n',2,NULL,50,'0','件'),(113,'门板','DGRE','中分M900：475×2115',8,'佛山市顺德区陈村镇宇龙电器有限公司\n',2,'左右各半?申菱型',50,'0','件'),(114,'轿门护脚板','IUR','900×802',8,'佛山市顺德区陈村镇宇龙电器有限公司\n',2,'镀锌板1.2mm',50,'0','件'),(115,'层门护脚板','QWFX','950×400',8,'佛山市顺德区陈村镇宇龙电器有限公司\n',2,'镀锌板1.2mm',50,'0','件'),(116,'安全门','GEX','标准件',8,'佛山市顺德区陈村镇宇龙电器有限公司\n',2,'（含门锁及电器件）',50,'0','套'),(117,'侧门套','FHU',NULL,8,'佛山市顺德区陈村镇宇龙电器有限公司\n',2,NULL,50,'0','件'),(118,'上门套','XVH',NULL,8,'佛山市顺德区陈村镇宇龙电器有限公司\n',2,NULL,50,'0','件'),(119,'层门装置','XCBN','中分M900',8,'佛山市顺德区陈村镇宇龙电器有限公司\n',2,'含安装配件及螺栓包',50,'0','套'),(120,'层门地坎','KYKK1','门头配套',8,'佛山市顺德区陈村镇宇龙电器有限公司\n',2,NULL,50,'0','件'),(121,'稳态磁开关','ED78','YG―3',8,'佛山市顺德区陈村镇宇龙电器有限公司\n',2,'轿顶',50,'0','个'),(122,'操纵箱','KIO11','E型',8,'佛山市顺德区陈村镇宇龙电器有限公司\n',2,'轿厢，（一个对讲机）',50,'0','个'),(123,'副操纵箱','XD3',NULL,8,'佛山市顺德区陈村镇宇龙电器有限公司\n',2,'轿厢',50,'0','个'),(124,'外呼盒','KJHG',NULL,8,'佛山市顺德区陈村镇宇龙电器有限公司\n',2,'各层厅外',50,'0','个'),(125,'消防开关','SDGW',NULL,8,'佛山市顺德区陈村镇宇龙电器有限公司\n',2,'首层厅外',50,'0','个'),(126,'轿顶检修箱','WES',NULL,8,'佛山市顺德区陈村镇宇龙电器有限公司\n',2,'轿顶，（对讲机电源，一个对讲机）',50,'0','个'),(127,'地坎检修箱','AFWG',NULL,8,'佛山市顺德区陈村镇宇龙电器有限公司\n',2,'组装件、地坎',50,'0','个'),(128,'屏蔽电缆','PUI',NULL,8,'佛山市顺德区陈村镇宇龙电器有限公司\n',2,'外呼',50,'0','套'),(129,'门锁通信线','YY11',NULL,8,'佛山市顺德区陈村镇宇龙电器有限公司\n',2,NULL,50,'0','套'),(130,'主电缆','YY1',' 42芯',8,'佛山市顺德区陈村镇宇龙电器有限公司\n',2,NULL,50,'0','米'),(131,'主电缆','YY2',' 9芯',8,'佛山市顺德区陈村镇宇龙电器有限公司\n',2,NULL,50,'0','米'),(132,'主电缆','Y5',' 3芯',8,'佛山市顺德区陈村镇宇龙电器有限公司\n',2,NULL,50,'0','米'),(133,'主电缆','YY11',' 4芯',8,'佛山市顺德区陈村镇宇龙电器有限公司\n',2,NULL,50,'0','米'),(134,'主电缆','Y12',' 4芯双线',8,'佛山市顺德区陈村镇宇龙电器有限公司\n',2,NULL,50,'0','米'),(135,'水泥钉','TKP',NULL,8,'佛山市顺德区陈村镇宇龙电器有限公司\n',2,NULL,50,'0','支'),(136,'自攻螺丝','TXY','M4×16',8,'佛山市顺德区陈村镇宇龙电器有限公司\n',2,'线槽',50,'0','支'),(137,'木牙螺丝','YDS1','4×30',8,'佛山市顺德区陈村镇宇龙电器有限公司\n',2,'包括膨胀镀锌码用',50,'0','支'),(138,'半圆头螺丝','DGR123','M4×20',8,'佛山市顺德区陈村镇宇龙电器有限公司\n',2,'感应器',50,'0','支'),(139,'六角螺丝','WEFWX1','M6×20',8,'佛山市顺德区陈村镇宇龙电器有限公司\n',2,'包括螺母  平介弹介',50,'0','套'),(140,'铁蛇皮管（包塑）','WFCC',NULL,8,'佛山市顺德区陈村镇宇龙电器有限公司\n',2,'索头2个  主机电机',50,'0','米'),(141,'电线','QXFF','BVⅠ×1.0mm ?',8,'佛山市顺德区陈村镇宇龙电器有限公司\n',2,'井道信号,井道灯线,主机电线',50,'0','米'),(142,'黄绿色线','DGR11','BVR×1.0mm ?',8,'佛山市顺德区陈村镇宇龙电器有限公司\n',2,'召唤盒、门头地线,井道地线,机房地线',50,'0','米'),(143,'两芯护套线','RGDS','BVV2×0.75mm ?',8,'佛山市顺德区陈村镇宇龙电器有限公司\n',2,'井道',50,'0','米'),(144,'三芯护套线','DFGRE12','BVV3×0.75mm ?',8,'佛山市顺德区陈村镇宇龙电器有限公司\n',2,'安全钳、轿顶照明、风机',50,'0','米'),(145,'18芯电缆','FWQX','BVV18×0.75mm ?',8,'佛山市顺德区陈村镇宇龙电器有限公司\n',2,'双操纵箱用',50,'0','米'),(146,'异形管','GERG11',NULL,8,'佛山市顺德区陈村镇宇龙电器有限公司\n',2,'接线号',50,'0','米'),(147,'松香焊锡丝','DFG13',NULL,8,'佛山市顺德区陈村镇宇龙电器有限公司\n',2,'接线头',50,'0','米'),(148,'薄塑料带','DFG12','宽20mm',8,'佛山市顺德区陈村镇宇龙电器有限公司\n',2,'电柜进线',50,'0','卷'),(149,'螺口灯泡','QFQ46','220V40W',8,'佛山市顺德区陈村镇宇龙电器有限公司\n',2,'井道灯备用',50,'0','只'),(150,'螺口灯泡','WEFW12','36V40W',8,'佛山市顺德区陈村镇宇龙电器有限公司\n',2,'检修箱备用',50,'0','只'),(151,'日光灯支架','WFYHH','220V30W',8,'佛山市顺德区陈村镇宇龙电器有限公司\n',2,'吊顶',50,'0','套'),(152,'镀锌码','UYK1',NULL,8,'佛山市顺德区陈村镇宇龙电器有限公司\n',2,'井道',50,'0','只'),(153,'电工胶布','YUKYU3',NULL,8,'佛山市顺德区陈村镇宇龙电器有限公司\n',2,NULL,50,'0','卷'),(154,'尼龙扎带','YTN1','3×100',8,'佛山市顺德区陈村镇宇龙电器有限公司\n',2,'井道线',50,'0','条'),(155,'尼龙扎带','HE1','5×300',8,'佛山市顺德区陈村镇宇龙电器有限公司\n',2,'井道线',50,'0','条'),(156,'塑料线槽','ER4','14×24×360',8,'佛山市顺德区陈村镇宇龙电器有限公司\n',2,NULL,50,'0','条'),(157,'音箱线','BCVR4',NULL,8,'佛山市顺德区陈村镇宇龙电器有限公司\n',2,'安全触板用',50,'0','米'),(158,'限位开关支架','BER',NULL,8,'佛山市顺德区陈村镇宇龙电器有限公司\n',2,'组装件井道端站',50,'0','条'),(159,'压线帽','DGRE',NULL,8,'佛山市顺德区陈村镇宇龙电器有限公司\n',2,'接线头',50,'0','个'),(160,'线耳','AJNY',NULL,8,'佛山市顺德区陈村镇宇龙电器有限公司\n',2,'地线',50,'0','个'),(161,'井道照明装置','M123','220V40W',8,'佛山市顺德区陈村镇宇龙电器有限公司\n',2,'防爆型、井道',50,'0','套'),(162,'到站钟','E112',NULL,8,'佛山市顺德区陈村镇宇龙电器有限公司\n',2,'/',50,'0','只'),(163,'超载开关','LX',NULL,8,'佛山市顺德区陈村镇宇龙电器有限公司\n',2,NULL,50,'0','个'),(164,'称重补偿装置','FBC',NULL,8,'佛山市顺德区陈村镇宇龙电器有限公司\n',2,'广州光翔',50,'0','套'),(165,'急停开关','ZVFEW',NULL,8,'佛山市顺德区陈村镇宇龙电器有限公司\n',2,'无机房顶层门和主机旁',50,'0','只'),(166,'急停开关（开关盒）','BNTR',NULL,8,'佛山市顺德区陈村镇宇龙电器有限公司\n',2,NULL,50,'0','套'),(167,'电源开关箱','MRYE',NULL,8,'佛山市顺德区陈村镇宇龙电器有限公司\n',2,'组装件、机房',50,'0','个'),(168,'数据转换器（带接线）','BDFBW',NULL,8,'佛山市顺德区陈村镇宇龙电器有限公司\n',2,'一体化并联用',50,'0','个'),(169,'安全触板开关','BWCM',NULL,8,'佛山市顺德区陈村镇宇龙电器有限公司\n',2,'轿门',50,'0','个'),(170,'安全窗开关','MT42',NULL,8,'佛山市顺德区陈村镇宇龙电器有限公司\n',1,'安全窗',50,'0','个'),(171,'停电应急装置','I452',NULL,8,'佛山市顺德区陈村镇宇龙电器有限公司\n',2,'/',50,'0','套'),(172,'光眼','U654',NULL,8,'佛山市顺德区陈村镇宇龙电器有限公司\n',3,NULL,50,'0','对'),(173,'电阻片','J7T',NULL,8,'佛山市顺德区陈村镇宇龙电器有限公司\n',4,'无机房专用',50,'0',NULL),(174,'停电应急（灯）电源（含五方对讲机）','J6JR',NULL,8,'佛山市顺德区陈村镇宇龙电器有限公司\n',5,'珠海',50,'0','套');

/*Table structure for table `goodsprice` */

DROP TABLE IF EXISTS `goodsprice`;

CREATE TABLE `goodsprice` (
  `ID` int NOT NULL AUTO_INCREMENT,
  `INPRICE` decimal(10,2) DEFAULT NULL,
  `OUTPRICE` decimal(10,2) DEFAULT NULL,
  `NUM` int DEFAULT NULL,
  `GOODSID` int DEFAULT NULL,
  PRIMARY KEY (`ID`),
  KEY `FK_Reference_17` (`GOODSID`),
  CONSTRAINT `FK_Reference_17` FOREIGN KEY (`GOODSID`) REFERENCES `goods` (`ID`) ON DELETE RESTRICT ON UPDATE RESTRICT
) ENGINE=InnoDB AUTO_INCREMENT=181 DEFAULT CHARSET=gb2312;

/*Data for the table `goodsprice` */

insert  into `goodsprice`(`ID`,`INPRICE`,`OUTPRICE`,`NUM`,`GOODSID`) values (1,'100.00','200.00',30,1),(2,'101.00','201.00',31,2),(3,'102.00','202.00',32,3),(4,'103.00','203.00',33,4),(5,'104.00','204.00',34,5),(6,'105.00','205.00',35,6),(7,'106.00','206.00',36,7),(8,'107.00','207.00',37,8),(9,'108.00','208.00',38,9),(10,'109.00','209.00',39,10),(11,'110.00','210.00',40,11),(12,'111.00','211.00',41,12),(13,'112.00','212.00',42,13),(14,'113.00','213.00',43,14),(15,'114.00','214.00',44,15),(16,'115.00','215.00',45,16),(17,'116.00','216.00',46,17),(18,'117.00','217.00',47,18),(19,'118.00','218.00',48,19),(20,'119.00','219.00',49,20),(21,'120.00','220.00',50,21),(22,'121.00','221.00',51,22),(23,'122.00','222.00',52,23),(24,'123.00','223.00',53,24),(25,'124.00','224.00',54,25),(26,'125.00','225.00',55,26),(27,'126.00','226.00',56,27),(28,'127.00','227.00',57,28),(29,'128.00','228.00',58,29),(30,'129.00','229.00',59,30),(31,'130.00','230.00',60,31),(32,'131.00','231.00',61,32),(33,'132.00','232.00',62,33),(34,'133.00','233.00',63,34),(35,'134.00','234.00',64,35),(36,'135.00','235.00',65,36),(37,'136.00','236.00',66,37),(38,'137.00','237.00',67,38),(39,'138.00','238.00',68,39),(40,'139.00','239.00',69,40),(41,'140.00','240.00',70,41),(42,'141.00','241.00',71,42),(43,'142.00','242.00',72,43),(44,'143.00','243.00',73,44),(45,'144.00','244.00',74,45),(46,'145.00','245.00',75,46),(47,'146.00','246.00',76,47),(48,'147.00','247.00',77,48),(49,'148.00','248.00',78,49),(50,'149.00','249.00',79,50),(51,'150.00','250.00',80,51),(52,'151.00','251.00',81,52),(53,'152.00','252.00',82,53),(54,'153.00','253.00',83,54),(55,'154.00','254.00',84,55),(56,'155.00','255.00',85,56),(57,'156.00','256.00',86,57),(58,'157.00','257.00',87,58),(59,'158.00','258.00',88,59),(60,'159.00','259.00',89,60),(61,'160.00','260.00',90,61),(62,'161.00','261.00',91,62),(63,'162.00','262.00',92,63),(64,'163.00','263.00',93,64),(65,'164.00','264.00',94,65),(66,'165.00','265.00',95,66),(67,'166.00','266.00',96,67),(68,'167.00','267.00',97,68),(69,'168.00','268.00',98,69),(70,'169.00','269.00',99,70),(71,'170.00','270.00',100,71),(72,'171.00','271.00',101,72),(73,'172.00','272.00',102,73),(74,'173.00','273.00',103,74),(75,'174.00','274.00',104,75),(76,'175.00','275.00',105,76),(77,'176.00','276.00',106,77),(78,'177.00','277.00',107,78),(79,'178.00','278.00',108,79),(80,'179.00','279.00',109,80),(81,'180.00','280.00',110,81),(82,'181.00','281.00',111,82),(83,'182.00','282.00',112,83),(84,'183.00','283.00',113,84),(85,'184.00','284.00',114,85),(86,'185.00','285.00',115,86),(87,'186.00','286.00',116,87),(88,'187.00','287.00',117,88),(89,'188.00','288.00',118,89),(90,'189.00','289.00',119,90),(91,'190.00','290.00',120,91),(92,'191.00','291.00',121,92),(93,'192.00','292.00',122,93),(94,'193.00','293.00',123,94),(95,'194.00','294.00',124,95),(96,'195.00','295.00',125,96),(97,'196.00','296.00',126,97),(98,'197.00','297.00',127,98),(99,'198.00','298.00',128,99),(100,'199.00','299.00',129,100),(101,'200.00','300.00',130,101),(102,'201.00','301.00',131,102),(103,'202.00','302.00',132,103),(104,'203.00','303.00',133,104),(105,'204.00','304.00',134,105),(106,'205.00','305.00',135,106),(107,'206.00','306.00',136,107),(108,'207.00','307.00',137,108),(109,'208.00','308.00',138,109),(110,'209.00','309.00',139,110),(111,'210.00','310.00',140,111),(112,'211.00','311.00',141,112),(113,'212.00','312.00',142,113),(114,'213.00','313.00',143,114),(115,'214.00','314.00',144,115),(116,'215.00','315.00',145,116),(117,'216.00','316.00',146,117),(118,'217.00','317.00',147,118),(119,'218.00','318.00',148,119),(120,'219.00','319.00',149,120),(121,'220.00','320.00',150,121),(122,'221.00','321.00',151,122),(123,'222.00','322.00',152,123),(124,'223.00','323.00',153,124),(125,'224.00','324.00',154,125),(126,'225.00','325.00',155,126),(127,'226.00','326.00',156,127),(128,'227.00','327.00',157,128),(129,'228.00','328.00',158,129),(130,'229.00','329.00',159,130),(131,'230.00','330.00',160,131),(132,'231.00','331.00',161,132),(133,'232.00','332.00',162,133),(134,'233.00','333.00',163,134),(135,'234.00','334.00',164,135),(136,'235.00','335.00',165,136),(137,'236.00','336.00',166,137),(138,'237.00','337.00',167,138),(139,'238.00','338.00',168,139),(140,'239.00','339.00',169,140),(141,'240.00','340.00',170,141),(142,'241.00','341.00',171,142),(143,'242.00','342.00',172,143),(144,'243.00','343.00',173,144),(145,'244.00','344.00',174,145),(146,'245.00','345.00',175,146),(147,'246.00','346.00',176,147),(148,'247.00','347.00',177,148),(149,'248.00','348.00',178,149),(150,'249.00','349.00',179,150),(151,'250.00','350.00',180,151),(152,'251.00','351.00',181,152),(153,'252.00','352.00',182,153),(154,'253.00','353.00',183,154),(155,'254.00','354.00',184,155),(156,'255.00','355.00',185,156),(157,'256.00','356.00',186,157),(158,'257.00','357.00',187,158),(159,'258.00','358.00',188,159),(160,'259.00','359.00',189,160),(161,'260.00','360.00',190,161),(162,'261.00','361.00',191,162),(163,'262.00','362.00',192,163),(164,'263.00','363.00',193,164),(165,'264.00','364.00',194,165),(166,'265.00','365.00',195,166),(167,'266.00','366.00',196,167),(168,'267.00','367.00',197,168),(169,'268.00','368.00',198,169),(170,'269.00','369.00',199,170),(171,'270.00','370.00',200,171),(172,'271.00','371.00',201,172),(173,'272.00','372.00',202,173),(174,'273.00','373.00',203,174),(175,'1000.00',NULL,1,22),(176,'20.00',NULL,1,22),(177,'200.00',NULL,123,22),(178,'102.00',NULL,22,22),(179,'100.00',NULL,321,22),(180,'20.00',NULL,1,22);

/*Table structure for table `goodstype` */

DROP TABLE IF EXISTS `goodstype`;

CREATE TABLE `goodstype` (
  `ID` int NOT NULL AUTO_INCREMENT COMMENT '商品类型编号',
  `NAME` varchar(30) DEFAULT NULL COMMENT '商品类型名称',
  `STOREID` int DEFAULT NULL,
  PRIMARY KEY (`ID`),
  KEY `STOERID` (`STOREID`),
  CONSTRAINT `goodstype_ibfk_1` FOREIGN KEY (`STOREID`) REFERENCES `store` (`ID`)
) ENGINE=InnoDB AUTO_INCREMENT=11 DEFAULT CHARSET=gb2312 COMMENT='商品分类';

/*Data for the table `goodstype` */

insert  into `goodstype`(`ID`,`NAME`,`STOREID`) values (1,'成品',1),(2,'半成品',2),(3,'物料',3),(4,'钢材',4),(5,'装潢',5),(6,'整机',6),(7,'办公用品',7);

/*Table structure for table `menu` */

DROP TABLE IF EXISTS `menu`;

CREATE TABLE `menu` (
  `MENUID` int NOT NULL COMMENT '菜单ID',
  `MENUNAME` varchar(30) DEFAULT NULL COMMENT '菜单名称',
  `URL` varchar(255) DEFAULT NULL COMMENT 'URL',
  `PID` int DEFAULT NULL COMMENT '上级菜单ID',
  `ICON` varchar(255) DEFAULT NULL,
  PRIMARY KEY (`MENUID`)
) ENGINE=InnoDB DEFAULT CHARSET=gb2312 COMMENT='菜单';

/*Data for the table `menu` */

insert  into `menu`(`MENUID`,`MENUNAME`,`URL`,`PID`,`ICON`) values (1,'基本信息','#',-1,NULL),(2,'员工列表','empList2.action',-1,NULL),(3,'客户列表','customerList2.action',-1,NULL),(4,'供应商列表','supplierList2.action',-1,NULL),(5,'商品列表','goodsList2.action',-1,NULL),(6,'订单列表','orderList.action',-1,NULL),(7,'人事管理','#',-1,NULL),(8,'客户管理','#',-1,NULL),(9,'供应商管理','#',-1,NULL),(10,'商品管理','#',-1,NULL),(11,'业务管理','#',-1,NULL),(12,'采购管理','#',-1,NULL),(13,'销售管理','#',-1,NULL),(14,'库存管理','#',-1,NULL),(15,'系统设置','#',-1,NULL),(16,'消息中心','index.action',1,NULL),(17,'运行设备列表','equipmentList.action',1,NULL),(18,'通知','notesList.action',1,NULL),(19,'新增员工','empAdd.action',7,NULL),(20,'员工管理','empList.action',7,NULL),(21,'账号管理','accountSettingList.action',7,NULL),(22,'权限设置','perSettingList.action',7,NULL),(23,'客户列表','customerList.action',8,NULL),(24,'供应商列表','supplierList.action',9,NULL),(25,'新增商品','goodsAddList.action',10,NULL),(26,'商品列表','goodsList.action',10,NULL),(27,'业务列表','businessList.action',11,NULL),(28,'业务分派','businessAssignList.action',11,NULL),(29,'业务处理','businessDealWith.action',11,NULL),(30,'采购订单列表','orderPList.action',12,NULL),(31,'采购申请','purOrderAddList.action',12,NULL),(32,'采购审核','orderPCheckList.action',12,NULL),(33,'采购处理','orderPPurchaseList.action',12,NULL),(34,'销售订单列表','orderSList.action',13,NULL),(35,'销售申请','saleOrderAddList.action',13,NULL),(36,'销售审核','orderSCheckList.action',13,NULL),(37,'销售处理','orderSGetGoodsList.action',13,NULL),(38,'库存列表','storedetailList.action',14,NULL),(39,'商品出入库','orderStoreChange.action',14,NULL),(40,'个人信息','personalList.action',15,NULL),(41,'密码修改','pwdChangeList.action',15,NULL);

/*Table structure for table `order` */

DROP TABLE IF EXISTS `order`;

CREATE TABLE `order` (
  `ID` int NOT NULL AUTO_INCREMENT COMMENT '编号',
  `CREATETIME` date DEFAULT NULL COMMENT '生成日期',
  `CHECKTIME` date DEFAULT NULL COMMENT '审核日期',
  `STARTTIME` date DEFAULT NULL COMMENT '确认日期',
  `ENDTIME` date DEFAULT NULL COMMENT '入库或出库日期',
  `TYPE` char(1) DEFAULT NULL,
  `CREATER` varchar(10) DEFAULT NULL COMMENT '下单员',
  `CHECKER` varchar(10) DEFAULT NULL COMMENT '审核员',
  `STARTER` varchar(10) DEFAULT NULL COMMENT '采购员',
  `TOTALPRICE` decimal(10,2) DEFAULT NULL COMMENT '合计金额',
  `STATE` varchar(10) DEFAULT NULL,
  `SUPPLIERID` int DEFAULT NULL,
  `CUSTOMERID` int DEFAULT NULL,
  PRIMARY KEY (`ID`),
  KEY `FK_Reference_11` (`SUPPLIERID`),
  KEY `FK_Reference_19` (`CUSTOMERID`),
  CONSTRAINT `FK_Reference_11` FOREIGN KEY (`SUPPLIERID`) REFERENCES `supplier` (`ID`) ON DELETE RESTRICT ON UPDATE RESTRICT,
  CONSTRAINT `FK_Reference_19` FOREIGN KEY (`CUSTOMERID`) REFERENCES `customer` (`ID`) ON DELETE RESTRICT ON UPDATE RESTRICT
) ENGINE=InnoDB AUTO_INCREMENT=17 DEFAULT CHARSET=gb2312 COMMENT='订单';

/*Data for the table `order` */

insert  into `order`(`ID`,`CREATETIME`,`CHECKTIME`,`STARTTIME`,`ENDTIME`,`TYPE`,`CREATER`,`CHECKER`,`STARTER`,`TOTALPRICE`,`STATE`,`SUPPLIERID`,`CUSTOMERID`) values (1,'2021-08-14','2021-08-14','2021-08-14','2021-08-14','1','1','1','1','100.00','1',1,NULL),(6,'2021-08-15','2021-08-15','2021-08-15',NULL,'1','叶日清','叶日清','叶日清','100.00','4',1,NULL),(7,'2021-08-15','2021-08-15','2021-08-15',NULL,'1','叶日清','叶日清','叶日清','500.00','4',1,NULL),(8,'2021-08-15','2021-08-15','2021-08-15','2021-08-15','1','叶日清','叶日清','叶日清','1000.00','6',1,NULL),(9,'2021-08-15','2021-08-16','2021-08-16','2021-08-16','1','叶日清','叶日清','叶日清','20.00','6',1,NULL),(10,'2021-08-16',NULL,NULL,NULL,'2','叶日清',NULL,NULL,'1000.00','1',NULL,31),(11,'2021-08-16','2021-08-16','2021-08-16','2021-08-16','1','叶日清','叶日清','叶日清','24600.00','6',1,NULL),(12,'2021-08-16','2021-08-16','2021-08-16','2021-08-16','1','叶日清','叶日清','叶日清','2244.00','6',1,NULL),(13,'2021-08-16','2021-08-16','2021-08-16','2021-08-16','1','叶日清','叶日清','叶日清','32100.00','6',1,NULL),(14,'2021-08-16','2021-08-16','2021-08-16','2021-08-16','1','叶日清','叶日清','叶日清','20.00','6',1,NULL),(15,'2021-08-16',NULL,NULL,NULL,'2','叶日清',NULL,NULL,'5000.00','1',NULL,31),(16,'2021-08-16','2021-08-16',NULL,NULL,'2','叶日清','叶日清','叶日清','50000.00','5',NULL,34);

/*Table structure for table `orderdetail` */

DROP TABLE IF EXISTS `orderdetail`;

CREATE TABLE `orderdetail` (
  `ID` int NOT NULL AUTO_INCREMENT COMMENT '编号',
  `GOODSID` int NOT NULL COMMENT '商品编号',
  `PRICE` decimal(10,2) DEFAULT NULL COMMENT '价格',
  `NUM` int DEFAULT NULL COMMENT '数量',
  `ENDTIME` date DEFAULT NULL COMMENT '结束日期',
  `STOREKEEPER` varchar(30) DEFAULT NULL COMMENT '库管员',
  `STOREID` int DEFAULT NULL COMMENT '仓库编号',
  `ORDERID` int NOT NULL COMMENT '订单编号',
  `STATE` char(1) DEFAULT NULL COMMENT '采购：0=未入库，1=已入库  销售：0=未出库，1=已出库',
  PRIMARY KEY (`ID`),
  KEY `FK_Reference_10` (`ORDERID`),
  KEY `FK_Reference_13` (`GOODSID`),
  CONSTRAINT `FK_Reference_10` FOREIGN KEY (`ORDERID`) REFERENCES `order` (`ID`) ON DELETE RESTRICT ON UPDATE RESTRICT,
  CONSTRAINT `FK_Reference_13` FOREIGN KEY (`GOODSID`) REFERENCES `goods` (`ID`) ON DELETE RESTRICT ON UPDATE RESTRICT
) ENGINE=InnoDB AUTO_INCREMENT=13 DEFAULT CHARSET=gb2312 COMMENT='订单明细';

/*Data for the table `orderdetail` */

insert  into `orderdetail`(`ID`,`GOODSID`,`PRICE`,`NUM`,`ENDTIME`,`STOREKEEPER`,`STOREID`,`ORDERID`,`STATE`) values (1,1,'100.00',2,'2021-08-14','叶日清',1,1,'1'),(2,22,'10.00',10,'2021-08-15','叶日清',2,6,'3'),(3,22,'50.00',10,'2021-08-15','叶日清',2,7,'3'),(4,22,'1000.00',1,'2021-08-15','叶日清',2,8,'3'),(5,22,'20.00',1,'2021-08-16','叶日清',2,9,'3'),(6,22,'1000.00',1,NULL,NULL,NULL,10,'1'),(7,22,'200.00',123,'2021-08-16','叶日清',2,11,'3'),(8,22,'102.00',22,'2021-08-16','叶日清',2,12,'3'),(9,22,'100.00',321,'2021-08-16','叶日清',2,13,'3'),(10,22,'20.00',1,'2021-08-16','叶日清',2,14,'3'),(11,22,'5000.00',1,NULL,NULL,NULL,15,'1'),(12,22,'5000.00',10,NULL,NULL,2,16,'1');

/*Table structure for table `role` */

DROP TABLE IF EXISTS `role`;

CREATE TABLE `role` (
  `ID` int NOT NULL AUTO_INCREMENT COMMENT '编号',
  `NAME` varchar(30) DEFAULT NULL COMMENT '名称',
  `DEPID` int DEFAULT NULL,
  `DEP` varchar(30) DEFAULT NULL,
  PRIMARY KEY (`ID`),
  KEY `DEPID` (`DEPID`),
  CONSTRAINT `role_ibfk_1` FOREIGN KEY (`DEPID`) REFERENCES `dep` (`ID`)
) ENGINE=InnoDB AUTO_INCREMENT=11 DEFAULT CHARSET=gb2312 COMMENT='角色';

/*Data for the table `role` */

insert  into `role`(`ID`,`NAME`,`DEPID`,`DEP`) values (1,'系统管理员',1,'管理员组'),(2,'总经理',2,'公关部'),(3,'技术总监',3,'技术部'),(4,'技术员',3,'技术部'),(5,'采购经理',4,'采购部'),(6,'采购员',4,'采购部'),(7,'销售经理',5,'销售部'),(8,'销售员',5,'销售部'),(9,'库管员',6,'后勤部'),(10,'取货员',6,'后勤部');

/*Table structure for table `role_menu` */

DROP TABLE IF EXISTS `role_menu`;

CREATE TABLE `role_menu` (
  `ID` int NOT NULL AUTO_INCREMENT,
  `ROLEID` int NOT NULL,
  `MENUID` int NOT NULL,
  PRIMARY KEY (`ID`),
  KEY `FK_Reference_4` (`ROLEID`),
  KEY `FK_Reference_5` (`MENUID`),
  CONSTRAINT `FK_Reference_4` FOREIGN KEY (`ROLEID`) REFERENCES `role` (`ID`) ON DELETE RESTRICT ON UPDATE RESTRICT,
  CONSTRAINT `FK_Reference_5` FOREIGN KEY (`MENUID`) REFERENCES `menu` (`MENUID`) ON DELETE RESTRICT ON UPDATE RESTRICT
) ENGINE=InnoDB AUTO_INCREMENT=639 DEFAULT CHARSET=gb2312;

/*Data for the table `role_menu` */

insert  into `role_menu`(`ID`,`ROLEID`,`MENUID`) values (411,1,1),(412,1,6),(413,1,7),(414,1,8),(415,1,9),(416,1,10),(417,1,11),(418,1,12),(419,1,13),(420,1,14),(421,1,15),(422,1,16),(423,1,17),(424,1,18),(425,1,19),(426,1,20),(427,1,21),(428,1,22),(429,1,23),(430,1,24),(431,1,25),(432,1,26),(433,1,27),(434,1,28),(435,1,29),(436,1,30),(437,1,31),(438,1,32),(439,1,33),(440,1,34),(441,1,35),(442,1,36),(443,1,37),(444,1,38),(445,1,39),(446,1,40),(447,1,41),(448,2,1),(449,2,6),(450,2,7),(451,2,8),(452,2,9),(453,2,10),(454,2,11),(455,2,12),(456,2,13),(457,2,14),(458,2,15),(459,2,16),(460,2,17),(461,2,18),(462,2,19),(463,2,20),(464,2,21),(465,2,22),(466,2,23),(467,2,24),(468,2,25),(469,2,26),(470,2,27),(471,2,28),(472,2,29),(473,2,30),(474,2,31),(475,2,32),(476,2,33),(477,2,34),(478,2,35),(479,2,36),(480,2,37),(481,2,38),(482,2,39),(483,2,40),(484,2,41),(503,4,1),(504,4,2),(505,4,3),(506,4,4),(507,4,5),(508,4,6),(509,4,7),(510,4,11),(511,4,15),(512,4,16),(513,4,17),(514,4,18),(515,4,19),(516,4,20),(517,4,21),(518,4,22),(519,4,27),(520,4,29),(521,4,40),(522,4,41),(523,3,1),(524,3,2),(525,3,3),(526,3,4),(527,3,5),(528,3,6),(529,3,11),(530,3,15),(531,3,16),(532,3,17),(533,3,18),(534,3,27),(535,3,28),(536,3,29),(537,3,40),(538,3,41),(539,5,1),(540,5,2),(541,5,3),(542,5,5),(543,5,6),(544,5,8),(545,5,9),(546,5,12),(547,5,15),(548,5,16),(549,5,17),(550,5,18),(551,5,23),(552,5,24),(553,5,30),(554,5,31),(555,5,32),(556,5,33),(557,5,40),(558,5,41),(559,6,1),(560,6,2),(561,6,3),(562,6,5),(563,6,6),(564,6,9),(565,6,12),(566,6,15),(567,6,16),(568,6,17),(569,6,18),(570,6,24),(571,6,30),(572,6,31),(573,6,33),(574,6,40),(575,6,41),(576,7,1),(577,7,2),(578,7,3),(579,7,4),(580,7,5),(581,7,6),(582,7,8),(583,7,13),(584,7,15),(585,7,16),(586,7,17),(587,7,18),(588,7,23),(589,7,34),(590,7,35),(591,7,36),(592,7,37),(593,7,40),(594,7,41),(595,8,1),(596,8,2),(597,8,3),(598,8,4),(599,8,5),(600,8,6),(601,8,8),(602,8,13),(603,8,15),(604,8,16),(605,8,17),(606,8,18),(607,8,23),(608,8,34),(609,8,35),(610,8,37),(611,8,40),(612,8,41),(613,9,1),(614,9,2),(615,9,5),(616,9,6),(617,9,14),(618,9,15),(619,9,16),(620,9,17),(621,9,18),(622,9,38),(623,9,39),(624,9,40),(625,9,41),(626,10,1),(627,10,2),(628,10,4),(629,10,5),(630,10,6),(631,10,14),(632,10,15),(633,10,16),(634,10,17),(635,10,18),(636,10,38),(637,10,40),(638,10,41);

/*Table structure for table `store` */

DROP TABLE IF EXISTS `store`;

CREATE TABLE `store` (
  `ID` int NOT NULL AUTO_INCREMENT COMMENT '编号',
  `NAME` varchar(30) DEFAULT NULL COMMENT '名称',
  `EMPID` int NOT NULL COMMENT '员工编号',
  PRIMARY KEY (`ID`)
) ENGINE=InnoDB AUTO_INCREMENT=8 DEFAULT CHARSET=gb2312 COMMENT='仓库';

/*Data for the table `store` */

insert  into `store`(`ID`,`NAME`,`EMPID`) values (1,'成品仓',41),(2,'半成品仓',41),(3,'物料仓',43),(4,'钢材仓',43),(5,'装潢仓',55),(6,'整机仓',55),(7,'办公用品仓',55);

/*Table structure for table `storedetail` */

DROP TABLE IF EXISTS `storedetail`;

CREATE TABLE `storedetail` (
  `ID` int NOT NULL AUTO_INCREMENT COMMENT '编号',
  `STOREID` int DEFAULT NULL COMMENT '仓库编号',
  `GOODSID` int NOT NULL COMMENT '商品编号',
  `SupplierID` int DEFAULT NULL,
  `TOTALNUM` int DEFAULT NULL COMMENT '数量',
  PRIMARY KEY (`ID`),
  KEY `FK_Reference_7` (`GOODSID`),
  KEY `SupplierID` (`SupplierID`),
  CONSTRAINT `FK_Reference_7` FOREIGN KEY (`GOODSID`) REFERENCES `goods` (`ID`) ON DELETE RESTRICT ON UPDATE RESTRICT
) ENGINE=InnoDB AUTO_INCREMENT=7 DEFAULT CHARSET=gb2312 COMMENT='仓库库存';

/*Data for the table `storedetail` */

insert  into `storedetail`(`ID`,`STOREID`,`GOODSID`,`SupplierID`,`TOTALNUM`) values (1,1,1,1,100),(6,2,22,1,322);

/*Table structure for table `supplier` */

DROP TABLE IF EXISTS `supplier`;

CREATE TABLE `supplier` (
  `ID` int NOT NULL AUTO_INCREMENT COMMENT '编号',
  `NAME` varchar(30) DEFAULT NULL COMMENT '名称',
  `ADDRESS` varchar(256) DEFAULT NULL COMMENT '联系地址',
  `CONTACT` varchar(10) DEFAULT NULL COMMENT '联系人',
  `TELE` varchar(30) DEFAULT NULL COMMENT '联系电话',
  `EMAIL` varchar(30) DEFAULT NULL COMMENT '邮件地址',
  `NOTE` varchar(256) DEFAULT NULL,
  `STATE` char(1) DEFAULT NULL,
  PRIMARY KEY (`ID`)
) ENGINE=InnoDB AUTO_INCREMENT=26 DEFAULT CHARSET=gb2312 COMMENT='供应商';

/*Data for the table `supplier` */

insert  into `supplier`(`ID`,`NAME`,`ADDRESS`,`CONTACT`,`TELE`,`EMAIL`,`NOTE`,`STATE`) values (1,'波力国际贸易（上海）有限公司','深圳市分公司','陆生','13501568102','906336773@qq.com','变器、操作面板','0'),(2,'无锡华美电梯装潢有限公司','江苏','陆生','13501568102','906336773@qq.com','轿门、厅门、挂件等','0'),(3,'无锡海力电梯装潢有限公司','江苏','陆生','12568296245','906336773@qq.com','轿厢总成、轿门、厅门、小门套','0'),(4,'沈阳蓝光机电有限公司','沈阳','陆生','13501568102','906336773@qq.com','主控系统、轿厢控制系统等','0'),(5,'宁波欣达电梯配件厂','宁波/佛山','陆生','13501568102','906336773@qq.com','主机','0'),(6,'宁波欣达佛山办事处','宁波/佛山','陆生','13501568102','906336773@qq.com','主机','0'),(7,'宁波电子器材一厂','宁波','陆生','13501568102','906336773@qq.com','双稳态开关、磁感应器、按钮','0'),(8,'佛山市顺德区陈村镇宇龙电器有限公司','佛山','陆生','13501568102','906336773@qq.com','控制电源、控制变压器','0'),(9,'协诚五金电器厂','佛山','陆生','13501568102','906336773@qq.com','控制柜','0'),(10,'佛山市三水宏立电梯配件有限公司','佛山','陆生','13501568102','906336773@qq.com','配件','0'),(11,'三川电工','佛山','陆生','13501568102','906336773@qq.com','配件','0'),(12,'加得电子厂','佛山','陆生','13501568102','906336773@qq.com','配件','0'),(13,'佛山永恒','佛山','陆生','13501568102','906336773@qq.com','配件','0'),(14,'力东','佛山','陆生','13501568102','906336773@qq.com','配件','0'),(15,'昊达','佛山','陆生','13501568102','906336773@qq.com','配件','0'),(16,'利佰特','佛山','陆生','13501568102','906336773@qq.com','配件','0'),(17,'鼎力','松岗','陆生','13501568102','906336773@qq.com','钢丝绳','0'),(18,'上海乐天电梯部件有限公司','广州','陆生','13501568102','906336773@qq.com','夹绳器、限速器、安全钳','0'),(19,'无锡富业电梯装饰工程有限公司','江苏','陆生','13501568102','906336773@qq.com','大门套','0'),(20,'宁波申菱电梯配件有限公司','广州办事处','陆生','13501568102','906336773@qq.com','开门机、轿门门板、地坎等','0'),(21,'吴江市国通特种线缆厂','江苏','陆生','13501568102','906336773@qq.com','电缆','0'),(22,'佳能','天津','陆生','13501568102','906336773@qq.com','曳引轮','0'),(23,'佛山市贝尔无机械有限公司','东莞','陆生','13501568102','906336773@qq.com','接线端子排','0'),(24,'天津市第六电器开关厂','天津','陆生','13501568102','906336773@qq.com','机房开关','0'),(25,'佛山市南海三美电梯有限公司','天津','陆生','13501568102','906336773@qq.com','曳引机','0');

/*!40101 SET SQL_MODE=@OLD_SQL_MODE */;
/*!40014 SET FOREIGN_KEY_CHECKS=@OLD_FOREIGN_KEY_CHECKS */;
/*!40014 SET UNIQUE_CHECKS=@OLD_UNIQUE_CHECKS */;
/*!40111 SET SQL_NOTES=@OLD_SQL_NOTES */;
